GO	term_name
GO:0004930	G protein-coupled receptor activity
GO:0007186	G protein-coupled receptor signaling pathway
GO:0016021	NA
GO:0004222	metalloendopeptidase activity
GO:0006508	proteolysis
GO:0008237	metallopeptidase activity
GO:0008270	zinc ion binding
GO:0005515	protein binding
GO:0005576	extracellular region
GO:0008033	tRNA processing
GO:0008168	methyltransferase activity
GO:0003676	nucleic acid binding
GO:0004523	RNA-DNA hybrid ribonuclease activity
GO:0003700	DNA-binding transcription factor activity
GO:0005634	nucleus
GO:0006355	regulation of DNA-templated transcription
GO:0043565	sequence-specific DNA binding
GO:0005524	ATP binding
GO:0016887	ATP hydrolysis activity
GO:0005509	calcium ion binding
GO:0016788	hydrolase activity, acting on ester bonds
GO:0016888	endodeoxyribonuclease activity, producing 5'-phosphomonoesters
GO:0003824	catalytic activity
GO:0004807	triose-phosphate isomerase activity
GO:0006096	glycolytic process
GO:0006281	DNA repair
GO:0006284	base-excision repair
GO:0003723	RNA binding
GO:0000502	proteasome complex
GO:0030234	enzyme regulator activity
GO:0042176	regulation of protein catabolic process
GO:0000290	deadenylation-dependent decapping of nuclear-transcribed mRNA
GO:0008047	enzyme activator activity
GO:0043085	positive regulation of catalytic activity
GO:0006886	intracellular protein transport
GO:0008536	NA
GO:0003735	structural constituent of ribosome
GO:0005840	ribosome
GO:0006412	translation
GO:0016787	hydrolase activity
GO:0003924	GTPase activity
GO:0005525	GTP binding
GO:0003677	DNA binding
GO:0004672	protein kinase activity
GO:0006468	protein phosphorylation
GO:0016020	membrane
GO:0022857	transmembrane transporter activity
GO:0055085	transmembrane transport
GO:0016491	oxidoreductase activity
GO:0055114	NA
GO:0030246	carbohydrate binding
GO:0007165	signal transduction
GO:0016620	oxidoreductase activity, acting on the aldehyde or oxo group of donors, NAD or NADP as acceptor
GO:0006506	GPI anchor biosynthetic process
GO:0051377	mannose-ethanolamine phosphotransferase activity
GO:0005856	cytoskeleton
GO:0019825	oxygen binding
GO:0020037	heme binding
GO:0042721	TIM22 mitochondrial import inner membrane insertion complex
GO:0006511	ubiquitin-dependent protein catabolic process
GO:0016579	protein deubiquitination
GO:0036459	NA
GO:0004970	ionotropic glutamate receptor activity
GO:0016758	hexosyltransferase activity
GO:0006486	protein glycosylation
GO:0008378	galactosyltransferase activity
GO:0005874	microtubule
GO:0007017	microtubule-based process
GO:0006260	DNA replication
GO:0006270	DNA replication initiation
GO:0006888	endoplasmic reticulum to Golgi vesicle-mediated transport
GO:0005230	extracellular ligand-gated monoatomic ion channel activity
GO:0006811	monoatomic ion transport
GO:0005548	phospholipid transporter activity
GO:0015914	phospholipid transport
GO:0009058	biosynthetic process
GO:0016742	hydroxymethyl-, formyl- and related transferase activity
GO:0005096	GTPase activator activity
GO:0051056	regulation of small GTPase mediated signal transduction
GO:0016307	NA
GO:0046488	phosphatidylinositol metabolic process
GO:0035556	intracellular signal transduction
GO:0046872	metal ion binding
GO:0005744	TIM23 mitochondrial import inner membrane translocase complex
GO:0030150	protein import into mitochondrial matrix
GO:0005216	monoatomic ion channel activity
GO:0004164	diphthine synthase activity
GO:0017183	protein histidyl modification to diphthamide
GO:0006457	protein folding
GO:0051082	unfolded protein binding
GO:0005737	cytoplasm
GO:0030163	protein catabolic process
GO:0042626	ATPase-coupled transmembrane transporter activity
GO:0003712	transcription coregulator activity
GO:0006357	regulation of transcription by RNA polymerase II
GO:0016592	mediator complex
GO:0004639	phosphoribosylaminoimidazolesuccinocarboxamide synthase activity
GO:0006164	purine nucleotide biosynthetic process
GO:0006189	'de novo' IMP biosynthetic process
GO:0004044	amidophosphoribosyltransferase activity
GO:0009113	purine nucleobase biosynthetic process
GO:0009116	nucleoside metabolic process
GO:0003934	GTP cyclohydrolase I activity
GO:0046654	tetrahydrofolate biosynthetic process
GO:0008483	transaminase activity
GO:0030170	pyridoxal phosphate binding
GO:0005783	endoplasmic reticulum
GO:0005739	mitochondrion
GO:0008137	NADH dehydrogenase (ubiquinone) activity
GO:0004003	NA
GO:0006139	nucleobase-containing compound metabolic process
GO:0006289	nucleotide-excision repair
GO:0008026	NA
GO:0016818	hydrolase activity, acting on acid anhydrides, in phosphorus-containing anhydrides
GO:0046854	phosphatidylinositol phosphate biosynthetic process
GO:0005200	structural constituent of cytoskeleton
GO:0006352	DNA-templated transcription initiation
GO:0046982	protein heterodimerization activity
GO:0046912	acyltransferase activity, acyl groups converted into alkyl on transfer
GO:0048037	NA
GO:0007275	multicellular organism development
GO:0004364	glutathione transferase activity
GO:0016702	oxidoreductase activity, acting on single donors with incorporation of molecular oxygen, incorporation of two atoms of oxygen
GO:0005249	voltage-gated potassium channel activity
GO:0006813	potassium ion transport
GO:0004842	ubiquitin-protein transferase activity
GO:0000413	protein peptidyl-prolyl isomerization
GO:0003755	peptidyl-prolyl cis-trans isomerase activity
GO:0003777	microtubule motor activity
GO:0007018	microtubule-based movement
GO:0008017	microtubule binding
GO:0003743	translation initiation factor activity
GO:0005852	eukaryotic translation initiation factor 3 complex
GO:0004114	3',5'-cyclic-nucleotide phosphodiesterase activity
GO:0065003	protein-containing complex assembly
GO:0006313	DNA transposition
GO:0015074	DNA integration
GO:0008236	serine-type peptidase activity
GO:0004252	serine-type endopeptidase activity
GO:0051225	spindle assembly
GO:0070652	HAUS complex
GO:0005432	calcium:sodium antiporter activity
GO:0006816	calcium ion transport
GO:0007154	cell communication
GO:0003779	actin binding
GO:0008091	spectrin
GO:0005543	phospholipid binding
GO:0004559	alpha-mannosidase activity
GO:0005975	carbohydrate metabolic process
GO:0006013	mannose metabolic process
GO:0008146	sulfotransferase activity
GO:0008654	phospholipid biosynthetic process
GO:0016780	phosphotransferase activity, for other substituted phosphate groups
GO:0015935	small ribosomal subunit
GO:0007160	cell-matrix adhesion
GO:0005506	iron ion binding
GO:0016705	oxidoreductase activity, acting on paired donors, with incorporation or reduction of molecular oxygen
GO:0031418	L-ascorbic acid binding
GO:0005743	mitochondrial inner membrane
GO:0007264	small GTPase mediated signal transduction
GO:0042578	phosphoric ester hydrolase activity
GO:0016192	vesicle-mediated transport
GO:0030131	clathrin adaptor complex
GO:0003774	cytoskeletal motor activity
GO:0016459	myosin complex
GO:0004177	aminopeptidase activity
GO:0008235	metalloexopeptidase activity
GO:0019538	protein metabolic process
GO:0030145	manganese ion binding
GO:1990904	ribonucleoprotein complex
GO:0042254	ribosome biogenesis
GO:0006904	vesicle docking involved in exocytosis
GO:0006520	amino acid metabolic process
GO:0016829	lyase activity
GO:0004675	transmembrane receptor protein serine/threonine kinase activity
GO:0007178	transmembrane receptor protein serine/threonine kinase signaling pathway
GO:0000398	mRNA splicing, via spliceosome
GO:0006396	RNA processing
GO:0001671	ATPase activator activity
GO:0051087	protein-folding chaperone binding
GO:0051259	protein complex oligomerization
GO:0097428	protein maturation by iron-sulfur cluster transfer
GO:0003682	chromatin binding
GO:0005085	guanyl-nucleotide exchange factor activity
GO:0003810	protein-glutamine gamma-glutamyltransferase activity
GO:0018149	peptide cross-linking
GO:0016757	glycosyltransferase activity
GO:0019104	DNA N-glycosylase activity
GO:0006869	lipid transport
GO:0008289	lipid binding
GO:0061817	endoplasmic reticulum-plasma membrane tethering
GO:0061630	ubiquitin protein ligase activity
GO:0000287	magnesium ion binding
GO:0016747	acyltransferase activity, transferring groups other than amino-acyl groups
GO:0016791	phosphatase activity
GO:0006516	glycoprotein catabolic process
GO:0004181	metallocarboxypeptidase activity
GO:0003918	DNA topoisomerase type II (double strand cut, ATP-hydrolyzing) activity
GO:0006265	DNA topological change
GO:0001607	neuromedin U receptor activity
GO:0004853	uroporphyrinogen decarboxylase activity
GO:0006779	porphyrin-containing compound biosynthetic process
GO:0046983	protein dimerization activity
GO:0004497	monooxygenase activity
GO:0003746	translation elongation factor activity
GO:0006414	translational elongation
GO:0004197	cysteine-type endopeptidase activity
GO:0008234	cysteine-type peptidase activity
GO:0016614	oxidoreductase activity, acting on CH-OH group of donors
GO:0050660	flavin adenine dinucleotide binding
GO:0006659	phosphatidylserine biosynthetic process
GO:0005681	spliceosomal complex
GO:0005328	neurotransmitter:sodium symporter activity
GO:0004001	adenosine kinase activity
GO:0006166	purine ribonucleoside salvage
GO:0016773	phosphotransferase activity, alcohol group as acceptor
GO:0004198	calcium-dependent cysteine-type endopeptidase activity
GO:0031417	NatC complex
GO:0005198	structural molecule activity
GO:0051536	iron-sulfur cluster binding
GO:0004674	protein serine/threonine kinase activity
GO:0016772	transferase activity, transferring phosphorus-containing groups
GO:0016070	RNA metabolic process
GO:0006367	transcription initiation at RNA polymerase II promoter
GO:0008446	GDP-mannose 4,6-dehydratase activity
GO:0019673	GDP-mannose metabolic process
GO:0050662	NA
GO:0003713	transcription coactivator activity
GO:0004714	transmembrane receptor protein tyrosine kinase activity
GO:0007169	transmembrane receptor protein tyrosine kinase signaling pathway
GO:0006637	acyl-CoA metabolic process
GO:0016790	thiolester hydrolase activity
GO:2001256	regulation of store-operated calcium entry
GO:0030176	NA
GO:0015075	monoatomic ion transmembrane transporter activity
GO:0015031	protein transport
GO:0030117	membrane coat
GO:0030122	AP-2 adaptor complex
GO:0035615	clathrin adaptor activity
GO:0072583	clathrin-dependent endocytosis
GO:0000166	nucleotide binding
GO:0004812	aminoacyl-tRNA ligase activity
GO:0006418	tRNA aminoacylation for protein translation
GO:0015629	actin cytoskeleton
GO:0030042	actin filament depolymerization
GO:0098599	palmitoyl hydrolase activity
GO:0004725	protein tyrosine phosphatase activity
GO:0006470	protein dephosphorylation
GO:0035091	phosphatidylinositol binding
GO:0016311	dephosphorylation
GO:0008417	fucosyltransferase activity
GO:0000139	Golgi membrane
GO:0015165	pyrimidine nucleotide-sugar transmembrane transporter activity
GO:0090481	pyrimidine nucleotide-sugar transmembrane transport
GO:0004454	ketohexokinase activity
GO:0006000	fructose metabolic process
GO:0004888	transmembrane signaling receptor activity
GO:0034220	monoatomic ion transmembrane transport
GO:0006777	Mo-molybdopterin cofactor biosynthetic process
GO:0008265	Mo-molybdopterin cofactor sulfurase activity
GO:0030151	molybdenum ion binding
GO:0004185	serine-type carboxypeptidase activity
GO:0005507	copper ion binding
GO:0016715	oxidoreductase activity, acting on paired donors, with incorporation or reduction of molecular oxygen, reduced ascorbate as one donor, and incorporation of one atom of oxygen
GO:0000902	cell morphogenesis
GO:0030008	TRAPP complex
GO:0005089	NA
GO:0035023	regulation of Rho protein signal transduction
GO:0004788	thiamine diphosphokinase activity
GO:0006772	thiamine metabolic process
GO:0009229	thiamine diphosphate biosynthetic process
GO:0030975	thiamine binding
GO:0015991	NA
GO:0033178	proton-transporting two-sector ATPase complex, catalytic domain
GO:0046961	proton-transporting ATPase activity, rotational mechanism
GO:0005201	extracellular matrix structural constituent
GO:0005581	collagen trimer
GO:0004803	transposase activity
GO:0004867	serine-type endopeptidase inhibitor activity
GO:0030212	hyaluronan metabolic process
GO:0048208	COPII vesicle coating
GO:0005272	sodium channel activity
GO:0006814	sodium ion transport
GO:0003873	6-phosphofructo-2-kinase activity
GO:0006003	fructose 2,6-bisphosphate metabolic process
GO:0005102	signaling receptor binding
GO:0016055	Wnt signaling pathway
GO:0004144	diacylglycerol O-acyltransferase activity
GO:0000178	exosome (RNase complex)
GO:0005694	chromosome
GO:0051276	chromosome organization
GO:0004601	peroxidase activity
GO:0006979	response to oxidative stress
GO:0120009	intermembrane lipid transfer
GO:0120013	lipid transfer activity
GO:0016226	iron-sulfur cluster assembly
GO:0007034	vacuolar transport
GO:0043087	regulation of GTPase activity
GO:0009190	cyclic nucleotide biosynthetic process
GO:0016849	phosphorus-oxygen lyase activity
GO:0005667	transcription regulator complex
GO:0007179	transforming growth factor beta receptor signaling pathway
GO:1902600	proton transmembrane transport
GO:0015986	proton motive force-driven ATP synthesis
GO:0045261	proton-transporting ATP synthase complex, catalytic core F(1)
GO:0046034	ATP metabolic process
GO:0046933	proton-transporting ATP synthase activity, rotational mechanism
GO:0015078	proton transmembrane transporter activity
GO:0033177	proton-transporting two-sector ATPase complex, proton-transporting domain
GO:0033179	proton-transporting V-type ATPase, V0 domain
GO:0004450	isocitrate dehydrogenase (NADP+) activity
GO:0006102	isocitrate metabolic process
GO:0016616	oxidoreductase activity, acting on the CH-OH group of donors, NAD or NADP as acceptor
GO:0051287	NAD binding
GO:0008746	NAD(P)+ transhydrogenase activity
GO:0006413	translational initiation
GO:0034316	negative regulation of Arp2/3 complex-mediated actin nucleation
GO:0071933	Arp2/3 complex binding
GO:0033180	proton-transporting V-type ATPase, V1 domain
GO:0000175	3'-5'-RNA exonuclease activity
GO:0001664	G protein-coupled receptor binding
GO:0019001	guanyl nucleotide binding
GO:0031683	G-protein beta/gamma-subunit complex binding
GO:0010181	FMN binding
GO:0016480	negative regulation of transcription by RNA polymerase III
GO:0003995	acyl-CoA dehydrogenase activity
GO:0016627	oxidoreductase activity, acting on the CH-CH group of donors
GO:0005215	transporter activity
GO:0004703	G protein-coupled receptor kinase activity
GO:0003899	DNA-directed 5'-3' RNA polymerase activity
GO:0005665	RNA polymerase II, core complex
GO:0006351	DNA-templated transcription
GO:0006366	transcription by RNA polymerase II
GO:0006857	oligopeptide transport
GO:0005484	SNAP receptor activity
GO:0048193	Golgi vesicle transport
GO:0004104	cholinesterase activity
GO:0018024	NA
GO:0034968	histone lysine methylation
GO:0004089	carbonate dehydratase activity
GO:0015631	tubulin binding
GO:0008083	growth factor activity
GO:0005779	NA
GO:0007031	peroxisome organization
GO:0008173	RNA methyltransferase activity
GO:0042302	structural constituent of cuticle
GO:0005094	Rho GDP-dissociation inhibitor activity
GO:0006400	tRNA modification
GO:0008193	tRNA guanylyltransferase activity
GO:0004824	lysine-tRNA ligase activity
GO:0006430	lysyl-tRNA aminoacylation
GO:0016712	oxidoreductase activity, acting on paired donors, with incorporation or reduction of molecular oxygen, reduced flavin or flavoprotein as one donor, and incorporation of one atom of oxygen
GO:0006897	endocytosis
GO:0007229	integrin-mediated signaling pathway
GO:0032440	2-alkenal reductase [NAD(P)+] activity
GO:0047522	15-oxoprostaglandin 13-oxidase activity
GO:0070569	uridylyltransferase activity
GO:0000786	nucleosome
GO:0000077	DNA damage checkpoint signaling
GO:0031124	mRNA 3'-end processing
GO:0003987	acetate-CoA ligase activity
GO:0016208	AMP binding
GO:0019427	acetyl-CoA biosynthetic process from acetate
GO:0006406	mRNA export from nucleus
GO:0030123	AP-3 adaptor complex
GO:0016874	ligase activity
GO:0030414	peptidase inhibitor activity
GO:0005669	transcription factor TFIID complex
GO:0045454	cell redox homeostasis
GO:0016012	sarcoglycan complex
GO:0004476	mannose-6-phosphate isomerase activity
GO:0009298	GDP-mannose biosynthetic process
GO:0016746	acyltransferase activity
GO:0000387	spliceosomal snRNP assembly
GO:0032797	SMN complex
GO:0005267	potassium channel activity
GO:0071805	potassium ion transmembrane transport
GO:0005789	endoplasmic reticulum membrane
GO:0001733	galactosylceramide sulfotransferase activity
GO:0005794	Golgi apparatus
GO:0009247	glycolipid biosynthetic process
GO:0005887	NA
GO:0010756	positive regulation of plasminogen activation
GO:0004435	phosphatidylinositol phospholipase C activity
GO:0006629	lipid metabolic process
GO:0008081	phosphoric diester hydrolase activity
GO:0006298	mismatch repair
GO:0030983	mismatched DNA binding
GO:0008233	peptidase activity
GO:0016972	thiol oxidase activity
GO:0008478	pyridoxal kinase activity
GO:0009443	pyridoxal 5'-phosphate salvage
GO:0006850	mitochondrial pyruvate transmembrane transport
GO:0005544	calcium-dependent phospholipid binding
GO:0007166	cell surface receptor signaling pathway
GO:0045892	negative regulation of DNA-templated transcription
GO:0004826	phenylalanine-tRNA ligase activity
GO:0006432	phenylalanyl-tRNA aminoacylation
GO:0004392	heme oxygenase (decyclizing) activity
GO:0006788	heme oxidation
GO:0008442	3-hydroxyisobutyrate dehydrogenase activity
GO:0050661	NADP binding
GO:0017176	phosphatidylinositol N-acetylglucosaminyltransferase activity
GO:0005795	Golgi stack
GO:0008455	alpha-1,6-mannosylglycoprotein 2-beta-N-acetylglucosaminyltransferase activity
GO:0009312	oligosaccharide biosynthetic process
GO:0004588	orotate phosphoribosyltransferase activity
GO:0004590	orotidine-5'-phosphate decarboxylase activity
GO:0006207	'de novo' pyrimidine nucleobase biosynthetic process
GO:0006221	pyrimidine nucleotide biosynthetic process
GO:0044205	'de novo' UMP biosynthetic process
GO:0015293	symporter activity
GO:0070449	elongin complex
GO:0004525	ribonuclease III activity
GO:0004866	endopeptidase inhibitor activity
GO:0005615	extracellular space
GO:0000122	negative regulation of transcription by RNA polymerase II
GO:0003714	transcription corepressor activity
GO:0016272	prefoldin complex
GO:0004190	aspartic-type endopeptidase activity
GO:0004813	alanine-tRNA ligase activity
GO:0006419	alanyl-tRNA aminoacylation
GO:0043039	tRNA aminoacylation
GO:0003951	NAD+ kinase activity
GO:0004143	ATP-dependent diacylglycerol kinase activity
GO:0007205	protein kinase C-activating G protein-coupled receptor signaling pathway
GO:0016301	kinase activity
GO:0004348	glucosylceramidase activity
GO:0006665	sphingolipid metabolic process
GO:0031461	cullin-RING ubiquitin ligase complex
GO:0031625	ubiquitin protein ligase binding
GO:0000737	NA
GO:0006259	DNA metabolic process
GO:0016889	DNA endonuclease activity, producing 3'-phosphomonoesters
GO:0052689	carboxylic ester hydrolase activity
GO:0003707	nuclear steroid receptor activity
GO:0006890	retrograde vesicle-mediated transport, Golgi to endoplasmic reticulum
GO:0002161	aminoacyl-tRNA editing activity
GO:0031409	pigment binding
GO:0031023	microtubule organizing center organization
GO:0070006	metalloaminopeptidase activity
GO:0006914	autophagy
GO:0043015	gamma-tubulin binding
GO:0043140	NA
GO:0044237	cellular metabolic process
GO:0007059	chromosome segregation
GO:0051301	cell division
GO:0008484	sulfuric ester hydrolase activity
GO:0051180	vitamin transport
GO:0090482	vitamin transmembrane transporter activity
GO:0035240	dopamine binding
GO:0072544	L-DOPA binding
GO:0072545	tyrosine binding
GO:0004013	adenosylhomocysteinase activity
GO:0004817	cysteine-tRNA ligase activity
GO:0006423	cysteinyl-tRNA aminoacylation
GO:0007156	homophilic cell adhesion via plasma membrane adhesion molecules
GO:0008290	F-actin capping protein complex
GO:0030036	actin cytoskeleton organization
GO:0051016	barbed-end actin filament capping
GO:0015204	urea transmembrane transporter activity
GO:0071918	urea transmembrane transport
GO:0008138	protein tyrosine/serine/threonine phosphatase activity
GO:0004602	glutathione peroxidase activity
GO:0034551	mitochondrial respiratory chain complex III assembly
GO:0000930	gamma-tubulin complex
GO:0007020	microtubule nucleation
GO:0031122	cytoplasmic microtubule organization
GO:0005044	scavenger receptor activity
GO:0008519	ammonium transmembrane transporter activity
GO:0015696	NA
GO:0005673	transcription factor TFIIE complex
GO:0000159	protein phosphatase type 2A complex
GO:0019888	protein phosphatase regulator activity
GO:0004828	serine-tRNA ligase activity
GO:0006434	seryl-tRNA aminoacylation
GO:0009086	methionine biosynthetic process
GO:0047150	betaine-homocysteine S-methyltransferase activity
GO:0005890	sodium:potassium-exchanging ATPase complex
GO:0005086	NA
GO:0032012	regulation of ARF protein signal transduction
GO:0004014	adenosylmethionine decarboxylase activity
GO:0006597	spermine biosynthetic process
GO:0008295	spermidine biosynthetic process
GO:5515	NA
GO:0003796	lysozyme activity
GO:0004890	GABA-A receptor activity
GO:0005829	cytosol
GO:0000256	allantoin catabolic process
GO:0004037	allantoicase activity
GO:0008521	acetyl-CoA transmembrane transporter activity
GO:0003697	single-stranded DNA binding
GO:0008528	G protein-coupled peptide receptor activity
GO:0007064	mitotic sister chromatid cohesion
GO:0031390	Ctf18 RFC-like complex
GO:0004518	nuclease activity
GO:0004519	endonuclease activity
GO:0007030	Golgi organization
GO:0008408	3'-5' exonuclease activity
GO:0032259	methylation
GO:0000118	histone deacetylase complex
GO:0004407	histone deacetylase activity
GO:0006325	chromatin organization
GO:0016575	histone deacetylation
GO:0006464	NA
GO:0006030	chitin metabolic process
GO:0008061	chitin binding
GO:0019915	lipid storage
GO:0004571	mannosyl-oligosaccharide 1,2-alpha-mannosidase activity
GO:0005886	plasma membrane
GO:0007155	cell adhesion
GO:0000123	histone acetyltransferase complex
GO:0016573	histone acetylation
GO:1903818	positive regulation of voltage-gated potassium channel activity
GO:0030431	sleep
GO:0032222	regulation of synaptic transmission, cholinergic
GO:0034235	GPI anchor binding
GO:0004553	hydrolase activity, hydrolyzing O-glycosyl compounds
GO:0008641	ubiquitin-like modifier activating enzyme activity
GO:0016853	isomerase activity
GO:0004000	adenosine deaminase activity
GO:0006154	adenosine catabolic process
GO:0019239	deaminase activity
GO:0023052	signaling
GO:0005516	calmodulin binding
GO:0030507	spectrin binding
GO:0031175	neuron projection development
GO:0004843	cysteine-type deubiquitinase activity
GO:0008349	MAP kinase kinase kinase kinase activity
GO:0071949	FAD binding
GO:0008610	lipid biosynthetic process
GO:0007219	Notch signaling pathway
GO:0030154	cell differentiation
GO:0050793	regulation of developmental process
GO:0089701	U2AF complex
GO:0016651	oxidoreductase activity, acting on NAD(P)H
GO:0016884	carbon-nitrogen ligase activity, with glutamine as amido-N-donor
GO:0004713	protein tyrosine kinase activity
GO:0006812	monoatomic cation transport
GO:0015299	NA
GO:0042981	regulation of apoptotic process
GO:0030286	dynein complex
GO:0007010	cytoskeleton organization
GO:0003950	NAD+ ADP-ribosyltransferase activity
GO:0005643	nuclear pore
GO:0016973	poly(A)+ mRNA export from nucleus
GO:0004499	N,N-dimethylaniline monooxygenase activity
GO:0005375	copper ion transmembrane transporter activity
GO:0035434	copper ion transmembrane transport
GO:0005247	voltage-gated chloride channel activity
GO:0006821	chloride transport
GO:0019843	rRNA binding
GO:0005741	mitochondrial outer membrane
GO:0008308	voltage-gated monoatomic anion channel activity
GO:0098656	monoatomic anion transmembrane transport
GO:0016891	RNA endonuclease activity, producing 5'-phosphomonoesters
GO:0006885	regulation of pH
GO:0015385	sodium:proton antiporter activity
GO:0010038	response to metal ion
GO:0032977	membrane insertase activity
GO:0016670	oxidoreductase activity, acting on a sulfur group of donors, oxygen as acceptor
GO:0030328	prenylcysteine catabolic process
GO:0004055	argininosuccinate synthase activity
GO:0006526	arginine biosynthetic process
GO:0016779	nucleotidyltransferase activity
GO:0008299	isoprenoid biosynthetic process
GO:0000151	ubiquitin ligase complex
GO:0016567	protein ubiquitination
GO:0034450	ubiquitin-ubiquitin ligase activity
GO:0005680	anaphase-promoting complex
GO:0030071	regulation of mitotic metaphase/anaphase transition
GO:0031145	anaphase-promoting complex-dependent catabolic process
GO:0005520	insulin-like growth factor binding
GO:0004983	neuropeptide Y receptor activity
GO:0046332	SMAD binding
GO:0004623	phospholipase A2 activity
GO:0006644	phospholipid metabolic process
GO:0050482	arachidonic acid secretion
GO:0004814	arginine-tRNA ligase activity
GO:0006420	arginyl-tRNA aminoacylation
GO:0004799	thymidylate synthase activity
GO:0006231	dTMP biosynthetic process
GO:0004611	phosphoenolpyruvate carboxykinase activity
GO:0004613	phosphoenolpyruvate carboxykinase (GTP) activity
GO:0006094	gluconeogenesis
GO:0017076	purine nucleotide binding
GO:0004584	NA
GO:0030956	glutamyl-tRNA(Gln) amidotransferase complex
GO:0050567	glutaminyl-tRNA synthase (glutamine-hydrolyzing) activity
GO:0005319	lipid transporter activity
GO:0044249	cellular biosynthetic process
GO:0009055	electron transfer activity
GO:0015035	protein-disulfide reductase activity
GO:0003908	methylated-DNA-[protein]-cysteine S-methyltransferase activity
GO:0005884	actin filament
GO:0045010	actin nucleation
GO:0030155	regulation of cell adhesion
GO:0030334	regulation of cell migration
GO:0045995	regulation of embryonic development
GO:0016042	lipid catabolic process
GO:0004357	glutamate-cysteine ligase activity
GO:0006750	glutathione biosynthetic process
GO:0016209	antioxidant activity
GO:0030488	tRNA methylation
GO:0031515	tRNA (m1A) methyltransferase complex
GO:0004648	O-phospho-L-serine:2-oxoglutarate aminotransferase activity
GO:0006564	L-serine biosynthetic process
GO:0004527	exonuclease activity
GO:0003993	acid phosphatase activity
GO:0004726	non-membrane spanning protein tyrosine phosphatase activity
GO:0005832	chaperonin-containing T-complex
GO:0016435	rRNA (guanine) methyltransferase activity
GO:0070476	rRNA (guanine-N7)-methylation
GO:0071203	WASH complex
GO:0006606	protein import into nucleus
GO:0061608	nuclear import signal receptor activity
GO:0000049	tRNA binding
GO:0004822	isoleucine-tRNA ligase activity
GO:0006428	isoleucyl-tRNA aminoacylation
GO:0035658	Mon1-Ccz1 complex
GO:0004784	superoxide dismutase activity
GO:0006801	superoxide metabolic process
GO:0002098	tRNA wobble uridine modification
GO:0004332	fructose-bisphosphate aldolase activity
GO:0006452	translational frameshifting
GO:0043022	ribosome binding
GO:0045901	positive regulation of translational elongation
GO:0045905	positive regulation of translational termination
GO:0033227	dsRNA transport
GO:0051033	RNA transmembrane transporter activity
GO:0004751	ribose-5-phosphate isomerase activity
GO:0009052	pentose-phosphate shunt, non-oxidative branch
GO:0004470	malic enzyme activity
GO:0004471	malate dehydrogenase (decarboxylating) (NAD+) activity
GO:0005761	mitochondrial ribosome
GO:0006915	apoptotic process
GO:0004411	homogentisate 1,2-dioxygenase activity
GO:0006559	L-phenylalanine catabolic process
GO:0006570	tyrosine metabolic process
GO:0030001	metal ion transport
GO:0046873	metal ion transmembrane transporter activity
GO:0008495	protoheme IX farnesyltransferase activity
GO:0016765	transferase activity, transferring alkyl or aryl (other than methyl) groups
GO:0048034	heme O biosynthetic process
GO:0006383	transcription by RNA polymerase III
GO:0008080	N-acetyltransferase activity
GO:0016072	rRNA metabolic process
GO:0034470	ncRNA processing
GO:0009263	deoxyribonucleotide biosynthetic process
GO:0004408	holocytochrome-c synthase activity
GO:0005261	monoatomic cation channel activity
GO:0015672	NA
GO:0070008	serine-type exopeptidase activity
GO:0006662	glycerol ether metabolic process
GO:0019835	cytolysis
GO:0008375	acetylglucosaminyltransferase activity
GO:0016740	transferase activity
GO:0003756	protein disulfide isomerase activity
GO:0016671	oxidoreductase activity, acting on a sulfur group of donors, disulfide as acceptor
GO:0004864	protein phosphatase inhibitor activity
GO:0009966	regulation of signal transduction
GO:0043666	regulation of phosphoprotein phosphatase activity
GO:0006479	protein methylation
GO:0030289	protein phosphatase 4 complex
GO:0004488	methylenetetrahydrofolate dehydrogenase (NADP+) activity
GO:0008318	protein prenyltransferase activity
GO:0018342	protein prenylation
GO:0019206	nucleoside kinase activity
GO:0022625	cytosolic large ribosomal subunit
GO:0000184	nuclear-transcribed mRNA catabolic process, nonsense-mediated decay
GO:0004521	RNA endonuclease activity
GO:0005664	nuclear origin of replication recognition complex
GO:0015018	galactosylgalactosylxylosylprotein 3-beta-glucuronosyltransferase activity
GO:0042274	ribosomal small subunit biogenesis
GO:0016442	RISC complex
GO:0031047	regulatory ncRNA-mediated gene silencing
GO:0003887	DNA-directed DNA polymerase activity
GO:0006261	DNA-templated DNA replication
GO:0008622	epsilon DNA polymerase complex
GO:0032559	adenyl ribonucleotide binding
GO:0016559	peroxisome fission
GO:0009408	response to heat
GO:0031072	heat shock protein binding
GO:1902560	GMP reductase complex
GO:0003920	GMP reductase activity
GO:0009117	nucleotide metabolic process
GO:0004721	phosphoprotein phosphatase activity
GO:0043169	cation binding
GO:0055070	copper ion homeostasis
GO:0046856	phosphatidylinositol dephosphorylation
GO:0003847	1-alkyl-2-acetylglycerophosphocholine esterase activity
GO:0097193	intrinsic apoptotic signaling pathway
GO:0016597	amino acid binding
GO:0016743	carboxyl- or carbamoyltransferase activity
GO:0004070	aspartate carbamoyltransferase activity
GO:0016810	hydrolase activity, acting on carbon-nitrogen (but not peptide) bonds
GO:0016812	hydrolase activity, acting on carbon-nitrogen (but not peptide) bonds, in cyclic amides
GO:0006807	nitrogen compound metabolic process
GO:0004088	carbamoyl-phosphate synthase (glutamine-hydrolyzing) activity
GO:0006541	glutamine metabolic process
GO:0004563	beta-N-acetylhexosaminidase activity
GO:0004298	threonine-type endopeptidase activity
GO:0005839	proteasome core complex
GO:0051603	proteolysis involved in protein catabolic process
GO:0004045	aminoacyl-tRNA hydrolase activity
GO:0004004	NA
GO:0003904	deoxyribodipyrimidine photo-lyase activity
GO:0003954	NADH dehydrogenase activity
GO:0006310	DNA recombination
GO:0030127	COPII vesicle coat
GO:0008376	acetylgalactosaminyltransferase activity
GO:0032580	Golgi cisterna membrane
GO:0042256	cytosolic ribosome assembly
GO:0032958	inositol phosphate biosynthetic process
GO:0003678	DNA helicase activity
GO:0042555	MCM complex
GO:0008380	RNA splicing
GO:0008324	monoatomic cation transmembrane transporter activity
GO:0006741	NADP biosynthetic process
GO:0019674	NAD metabolic process
GO:0001522	pseudouridine synthesis
GO:0030515	snoRNA binding
GO:0004489	methylenetetrahydrofolate reductase (NAD(P)H) activity
GO:0006555	methionine metabolic process
GO:0017196	N-terminal peptidyl-methionine acetylation
GO:0007188	adenylate cyclase-modulating G protein-coupled receptor signaling pathway
GO:0031262	Ndc80 complex
GO:0051315	attachment of mitotic spindle microtubules to kinetochore
GO:0003909	DNA ligase activity
GO:0003910	DNA ligase (ATP) activity
GO:0051103	DNA ligation involved in DNA repair
GO:0071897	DNA biosynthetic process
GO:0003937	IMP cyclohydrolase activity
GO:0004643	phosphoribosylaminoimidazolecarboxamide formyltransferase activity
GO:0004989	octopamine receptor activity
GO:0072546	EMC complex
GO:0005185	neurohypophyseal hormone activity
GO:0019236	response to pheromone
GO:0006397	mRNA processing
GO:0007009	plasma membrane organization
GO:0005763	mitochondrial small ribosomal subunit
GO:0008963	phospho-N-acetylmuramoyl-pentapeptide-transferase activity
GO:0003975	UDP-N-acetylglucosamine-dolichyl-phosphate N-acetylglucosaminephosphotransferase activity
GO:0006487	protein N-linked glycosylation
GO:0006488	dolichol-linked oligosaccharide biosynthetic process
GO:0004402	histone acetyltransferase activity
GO:0004175	endopeptidase activity
GO:0019773	proteasome core complex, alpha-subunit complex
GO:0005875	microtubule associated complex
GO:0005750	mitochondrial respiratory chain complex III
GO:0006122	mitochondrial electron transport, ubiquinol to cytochrome c
GO:0044212	NA
GO:0008612	peptidyl-lysine modification to peptidyl-hypusine
GO:0019135	deoxyhypusine monooxygenase activity
GO:0016255	attachment of GPI anchor to protein
GO:0042765	GPI-anchor transamidase complex
GO:0016628	oxidoreductase activity, acting on the CH-CH group of donors, NAD or NADP as acceptor
GO:0004046	aminoacylase activity
GO:0070403	NAD+ binding
GO:0004056	argininosuccinate lyase activity
GO:0042450	arginine biosynthetic process via ornithine
GO:0005730	nucleolus
GO:0004831	tyrosine-tRNA ligase activity
GO:0006437	tyrosyl-tRNA aminoacylation
GO:0032486	Rap protein signal transduction
GO:0004540	RNA nuclease activity
GO:0043066	negative regulation of apoptotic process
GO:0032968	positive regulation of transcription elongation by RNA polymerase II
GO:0015232	heme transmembrane transporter activity
GO:0015886	heme transport
GO:0009143	nucleoside triphosphate catabolic process
GO:0047429	nucleoside triphosphate diphosphatase activity
GO:0016641	oxidoreductase activity, acting on the CH-NH2 group of donors, oxygen as acceptor
GO:0004647	NA
GO:0004113	2',3'-cyclic-nucleotide 3'-phosphodiesterase activity
GO:0009214	cyclic nucleotide catabolic process
GO:0016811	hydrolase activity, acting on carbon-nitrogen (but not peptide) bonds, in linear amides
GO:0004844	uracil DNA N-glycosylase activity
GO:0016799	hydrolase activity, hydrolyzing N-glycosyl compounds
GO:0051539	4 iron, 4 sulfur cluster binding
GO:0004707	MAP kinase activity
GO:0000213	tRNA-intron endonuclease activity
GO:0000214	tRNA-intron endonuclease complex
GO:0000379	tRNA-type intron splice site recognition and cleavage
GO:0006388	tRNA splicing, via endonucleolytic cleavage and ligation
GO:0006379	NA
GO:0052855	ADP-dependent NAD(P)H-hydrate dehydratase activity
GO:0000956	nuclear-transcribed mRNA catabolic process
GO:0004555	alpha,alpha-trehalase activity
GO:0005991	trehalose metabolic process
GO:0004363	glutathione synthase activity
GO:0000338	protein deneddylation
GO:0008180	COP9 signalosome
GO:0030880	RNA polymerase complex
GO:0002143	tRNA wobble position uridine thiolation
GO:0004792	thiosulfate sulfurtransferase activity
GO:0000245	spliceosomal complex assembly
GO:0004517	nitric-oxide synthase activity
GO:0006809	nitric oxide biosynthetic process
GO:0019829	ATPase-coupled monoatomic cation transmembrane transporter activity
GO:0008201	heparin binding
GO:0050750	low-density lipoprotein particle receptor binding
GO:0016813	hydrolase activity, acting on carbon-nitrogen (but not peptide) bonds, in linear amidines
GO:0006744	ubiquinone biosynthetic process
GO:0016709	oxidoreductase activity, acting on paired donors, with incorporation or reduction of molecular oxygen, NAD(P)H as one donor, and incorporation of one atom of oxygen
GO:0017108	5'-flap endonuclease activity
GO:0033557	Slx1-Slx4 complex
GO:0000154	rRNA modification
GO:0000179	rRNA (adenine-N6,N6-)-dimethyltransferase activity
GO:0006364	rRNA processing
GO:0008649	rRNA methyltransferase activity
GO:0004819	glutamine-tRNA ligase activity
GO:0006425	glutaminyl-tRNA aminoacylation
GO:0004017	adenylate kinase activity
GO:1901642	nucleoside transmembrane transport
GO:0005337	nucleoside transmembrane transporter activity
GO:0016805	dipeptidase activity
GO:0042246	tissue regeneration
GO:0016602	CCAAT-binding factor complex
GO:0051260	protein homooligomerization
GO:0006334	nucleosome assembly
GO:0019722	calcium-mediated signaling
GO:0048038	quinone binding
GO:0038023	signaling receptor activity
GO:0043235	receptor complex
GO:0006482	protein demethylation
GO:0051723	protein methylesterase activity
GO:0003684	damaged DNA binding
GO:0003906	DNA-(apurinic or apyrimidinic site) endonuclease activity
GO:0030688	preribosome, small subunit precursor
GO:0032549	ribonucleoside binding
GO:0008418	protein-N-terminal asparagine amidohydrolase activity
GO:0019904	protein domain specific binding
GO:0032266	phosphatidylinositol-3-phosphate binding
GO:0043130	ubiquitin binding
GO:0034227	tRNA thio-modification
GO:0006450	regulation of translational fidelity
GO:0004176	ATP-dependent peptidase activity
GO:0004334	fumarylacetoacetase activity
GO:0009072	aromatic amino acid metabolic process
GO:0032324	molybdopterin cofactor biosynthetic process
GO:0003896	DNA primase activity
GO:0006269	DNA replication, synthesis of RNA primer
GO:0030130	clathrin coat of trans-Golgi network vesicle
GO:0030132	clathrin coat of coated pit
GO:0032051	clathrin light chain binding
GO:0071439	clathrin complex
GO:0004756	selenide, water dikinase activity
GO:0016260	selenocysteine biosynthetic process
GO:0004505	phenylalanine 4-monooxygenase activity
GO:0016714	oxidoreductase activity, acting on paired donors, with incorporation or reduction of molecular oxygen, reduced pteridine as one donor, and incorporation of one atom of oxygen
GO:0005672	transcription factor TFIIA complex
GO:0005199	structural constituent of cell wall
GO:0007016	NA
GO:0016010	dystrophin-associated glycoprotein complex
GO:0004719	protein-L-isoaspartate (D-aspartate) O-methyltransferase activity
GO:0000723	telomere maintenance
GO:0006303	double-strand break repair via nonhomologous end joining
GO:0042162	telomeric DNA binding
GO:0043564	Ku70:Ku80 complex
GO:0031012	extracellular matrix
GO:0019318	hexose metabolic process
GO:0006891	intra-Golgi vesicle-mediated transport
GO:0017119	Golgi transport complex
GO:0017174	glycine N-methyltransferase activity
GO:0004576	oligosaccharyl transferase activity
GO:0000289	nuclear-transcribed mRNA poly(A) tail shortening
GO:0031251	PAN complex
GO:0004149	dihydrolipoyllysine-residue succinyltransferase activity
GO:0006099	tricarboxylic acid cycle
GO:0045252	oxoglutarate dehydrogenase complex
GO:0004335	galactokinase activity
GO:0005534	galactose binding
GO:0006012	galactose metabolic process
GO:0046835	carbohydrate phosphorylation
GO:0001726	ruffle
GO:0005925	focal adhesion
GO:0051015	actin filament binding
GO:0006913	nucleocytoplasmic transport
GO:0017056	structural constituent of nuclear pore
GO:0016846	carbon-sulfur lyase activity
GO:0008276	protein methyltransferase activity
GO:0009168	purine ribonucleoside monophosphate biosynthetic process
GO:0051537	2 iron, 2 sulfur cluster binding
GO:0030896	checkpoint clamp complex
GO:0008239	dipeptidyl-peptidase activity
GO:0004644	phosphoribosylglycinamide formyltransferase activity
GO:0004637	phosphoribosylamine-glycine ligase activity
GO:0033925	mannosyl-glycoprotein endo-beta-N-acetylglucosaminidase activity
GO:0051499	D-aminoacyl-tRNA deacylase activity
GO:0032007	negative regulation of TOR signaling
GO:0048011	neurotrophin TRK receptor signaling pathway
GO:0019008	molybdopterin synthase complex
GO:0042754	negative regulation of circadian rhythm
GO:0038166	angiotensin-activated signaling pathway
GO:0006333	NA
GO:0031071	cysteine desulfurase activity
GO:0044571	[2Fe-2S] cluster assembly
GO:0005092	GDP-dissociation inhibitor activity
GO:0000150	DNA strand exchange activity
GO:0008176	tRNA (guanine-N7-)-methyltransferase activity
GO:0004879	nuclear receptor activity
GO:0004829	threonine-tRNA ligase activity
GO:0006435	threonyl-tRNA aminoacylation
GO:0004649	poly(ADP-ribose) glycohydrolase activity
GO:0030512	negative regulation of transforming growth factor beta receptor signaling pathway
GO:0090263	positive regulation of canonical Wnt signaling pathway
GO:0006633	fatty acid biosynthetic process
GO:0050080	malonyl-CoA decarboxylase activity
GO:0000062	fatty-acyl-CoA binding
GO:0004619	phosphoglycerate mutase activity
GO:0016868	intramolecular transferase activity, phosphotransferases
GO:0016785	selenotransferase activity
GO:0097056	NA
GO:0004689	phosphorylase kinase activity
GO:0005964	phosphorylase kinase complex
GO:0005978	glycogen biosynthetic process
GO:0004645	1,4-alpha-oligoglucan phosphorylase activity
GO:0008184	glycogen phosphorylase activity
GO:0004096	catalase activity
GO:0042744	hydrogen peroxide catabolic process
GO:0016310	phosphorylation
GO:0005184	neuropeptide hormone activity
GO:0003922	GMP synthase (glutamine-hydrolyzing) activity
GO:0006177	GMP biosynthetic process
GO:0016462	pyrophosphatase activity
GO:0008409	5'-3' exonuclease activity
GO:0004057	arginyl-tRNA--protein transferase activity
GO:0016598	protein arginylation
GO:0006596	polyamine biosynthetic process
GO:0001784	phosphotyrosine residue binding
GO:0001678	intracellular glucose homeostasis
GO:0004396	hexokinase activity
GO:0005536	glucose binding
GO:0004514	nicotinate-nucleotide diphosphorylase (carboxylating) activity
GO:0009435	NAD biosynthetic process
GO:0006614	SRP-dependent cotranslational protein targeting to membrane
GO:0004067	asparaginase activity
GO:0070176	DRM complex
GO:0003729	mRNA binding
GO:0005685	U1 snRNP
GO:0006376	mRNA splice site recognition
GO:0004815	aspartate-tRNA ligase activity
GO:0006422	aspartyl-tRNA aminoacylation
GO:0008305	integrin complex
GO:0032482	Rab protein signal transduction
GO:0007517	muscle organ development
GO:0006446	regulation of translational initiation
GO:0005388	P-type calcium transporter activity
GO:0004663	Rab geranylgeranyltransferase activity
GO:0018344	protein geranylgeranylation
GO:0009451	RNA modification
GO:0009982	pseudouridine synthase activity
GO:0016624	oxidoreductase activity, acting on the aldehyde or oxo group of donors, disulfide as acceptor
GO:0004356	glutamine synthetase activity
GO:0006542	glutamine biosynthetic process
GO:0008241	peptidyl-dipeptidase activity
GO:0033743	peptide-methionine (R)-S-oxide reductase activity
GO:0090730	Las1 complex
GO:0004152	dihydroorotate dehydrogenase activity
GO:0006222	UMP biosynthetic process
GO:0000030	mannosyltransferase activity
GO:0006493	protein O-linked glycosylation
GO:0016857	racemase and epimerase activity, acting on carbohydrates and derivatives
GO:0005992	trehalose biosynthetic process
GO:0006069	ethanol oxidation
GO:0051903	S-(hydroxymethyl)glutathione dehydrogenase activity
GO:0004459	L-lactate dehydrogenase activity
GO:0019752	carboxylic acid metabolic process
GO:1901135	carbohydrate derivative metabolic process
GO:1901137	carbohydrate derivative biosynthetic process
GO:0004360	glutamine-fructose-6-phosphate transaminase (isomerizing) activity
GO:0097367	carbohydrate derivative binding
GO:0016831	carboxy-lyase activity
GO:0004825	methionine-tRNA ligase activity
GO:0006431	methionyl-tRNA aminoacylation
GO:0051321	meiotic cell cycle
GO:0046658	NA
GO:0062023	collagen-containing extracellular matrix
GO:0017136	NAD-dependent histone deacetylase activity
GO:0004683	calmodulin-dependent protein kinase activity
GO:0004423	iduronate-2-sulfatase activity
GO:0005853	eukaryotic translation elongation factor 1 complex
GO:0005871	kinesin complex
GO:0009968	negative regulation of signal transduction
GO:0035076	ecdysone receptor-mediated signaling pathway
GO:0035100	ecdysone binding
GO:0004609	phosphatidylserine decarboxylase activity
GO:0015934	large ribosomal subunit
GO:0004994	somatostatin receptor activity
GO:0005666	RNA polymerase III complex
GO:0004129	cytochrome-c oxidase activity
GO:0005740	mitochondrial envelope
GO:0008094	ATP-dependent activity, acting on DNA
GO:0004386	helicase activity
GO:0090266	regulation of mitotic cell cycle spindle assembly checkpoint
GO:0004800	thyroxine 5'-deiodinase activity
GO:0003785	actin monomer binding
GO:0007015	actin filament organization
GO:0004692	cGMP-dependent protein kinase activity
GO:0005868	cytoplasmic dynein complex
GO:0008092	cytoskeletal protein binding
GO:0070273	phosphatidylinositol-4-phosphate binding
GO:0004484	mRNA guanylyltransferase activity
GO:0004651	polynucleotide 5'-phosphatase activity
GO:0006370	7-methylguanosine mRNA capping
GO:0006098	pentose-phosphate shunt
GO:0017057	6-phosphogluconolactonase activity
GO:0003905	alkylbase DNA N-glycosylase activity
GO:0006368	transcription elongation by RNA polymerase II
GO:0008023	transcription elongation factor complex
GO:0005787	signal peptidase complex
GO:0006465	signal peptide processing
GO:0044548	S100 protein binding
GO:0003870	5-aminolevulinate synthase activity
GO:0033014	tetrapyrrole biosynthetic process
GO:0004061	arylformamidase activity
GO:0019441	tryptophan catabolic process to kynurenine
GO:0005746	mitochondrial respirasome
GO:0007094	mitotic spindle assembly checkpoint signaling
GO:0019205	nucleobase-containing compound kinase activity
GO:0009056	catabolic process
GO:0017150	tRNA dihydrouridine synthase activity
GO:0030215	semaphorin receptor binding
GO:0016485	protein processing
GO:0000776	kinetochore
GO:0034508	centromere complex assembly
GO:0005759	mitochondrial matrix
GO:0005545	1-phosphatidylinositol binding
GO:0030136	clathrin-coated vesicle
GO:0030276	clathrin binding
GO:0048268	clathrin coat assembly
GO:0004869	cysteine-type endopeptidase inhibitor activity
GO:0004767	sphingomyelin phosphodiesterase activity
GO:0006685	sphingomyelin catabolic process
GO:0006986	response to unfolded protein
GO:0032217	riboflavin transmembrane transporter activity
GO:0032218	riboflavin transport
GO:0004372	glycine hydroxymethyltransferase activity
GO:0019264	glycine biosynthetic process from serine
GO:0035999	tetrahydrofolate interconversion
GO:0009166	nucleotide catabolic process
GO:0046540	U4/U6 x U5 tri-snRNP complex
GO:0033596	TSC1-TSC2 complex
GO:0043547	positive regulation of GTPase activity
GO:0008190	eukaryotic initiation factor 4E binding
GO:0045947	negative regulation of translational initiation
GO:0042773	ATP synthesis coupled electron transport
GO:0008449	N-acetylglucosamine-6-sulfatase activity
GO:0030203	glycosaminoglycan metabolic process
GO:0008705	methionine synthase activity
GO:0031419	cobalamin binding
GO:0042558	pteridine-containing compound metabolic process
GO:0005747	mitochondrial respiratory chain complex I
GO:0022904	respiratory electron transport chain
GO:0004140	dephospho-CoA kinase activity
GO:0015937	coenzyme A biosynthetic process
GO:0003997	acyl-CoA oxidase activity
GO:0005777	peroxisome
GO:0006631	fatty acid metabolic process
GO:0006635	fatty acid beta-oxidation
GO:0019901	protein kinase binding
GO:0071704	organic substance metabolic process
GO:0004587	ornithine-oxo-acid transaminase activity
GO:0005049	nuclear export signal receptor activity
GO:0017025	TBP-class protein binding
GO:0070897	transcription preinitiation complex assembly
GO:0004806	triglyceride lipase activity
GO:0006302	double-strand break repair
GO:0030870	Mre11 complex
GO:0006522	alanine metabolic process
GO:0008784	alanine racemase activity
GO:0006518	peptide metabolic process
GO:0005760	gamma DNA polymerase complex
GO:0004312	fatty acid synthase activity
GO:0031177	phosphopantetheine binding
GO:0019310	inositol catabolic process
GO:0050113	inositol oxygenase activity
GO:0004827	proline-tRNA ligase activity
GO:0006433	prolyl-tRNA aminoacylation
GO:0018064	protein-L-histidine N-tele-methyltransferase activity
GO:0030047	actin modification
GO:0008312	7S RNA binding
GO:0048500	signal recognition particle
GO:0000439	transcription factor TFIIH core complex
GO:0019781	NEDD8 activating enzyme activity
GO:0045116	protein neddylation
GO:0004531	deoxyribonuclease II activity
GO:0043461	proton-transporting ATP synthase complex assembly
GO:0006825	copper ion transport
GO:0006878	intracellular copper ion homeostasis
GO:0008535	respiratory chain complex IV assembly
GO:0004605	phosphatidate cytidylyltransferase activity
GO:0032049	cardiolipin biosynthetic process
GO:0001518	voltage-gated sodium channel complex
GO:0005248	voltage-gated sodium channel activity
GO:0004379	glycylpeptide N-tetradecanoyltransferase activity
GO:0009045	xylose isomerase activity
GO:0004421	hydroxymethylglutaryl-CoA synthase activity
GO:0006147	guanine catabolic process
GO:0008892	guanine deaminase activity
GO:0032040	small-subunit processome
GO:0004385	guanylate kinase activity
GO:0006163	purine nucleotide metabolic process
GO:0031965	nuclear membrane
GO:0008556	P-type potassium transmembrane transporter activity
GO:0004127	cytidylate kinase activity
GO:0009041	UMP/dUMP kinase activity
GO:0035329	hippo signaling
GO:0001510	RNA methylation
GO:0016422	mRNA (2'-O-methyladenosine-N6-)-methyltransferase activity
GO:0000079	regulation of cyclin-dependent protein serine/threonine kinase activity
GO:0004801	transaldolase activity
GO:0007021	tubulin complex assembly
GO:0007023	post-chaperonin tubulin folding pathway
GO:0048487	beta-tubulin binding
GO:0016763	pentosyltransferase activity
GO:0016043	cellular component organization
GO:0017048	NA
GO:0008242	omega peptidase activity
GO:0005996	monosaccharide metabolic process
GO:0048029	monosaccharide binding
GO:0007029	endoplasmic reticulum organization
GO:0005047	signal recognition particle binding
GO:0005786	signal recognition particle, endoplasmic reticulum targeting
GO:0030942	endoplasmic reticulum signal peptide binding
GO:0031011	Ino80 complex
GO:0031032	actomyosin structure organization
GO:0000145	exocyst
GO:0006887	exocytosis
GO:0000228	nuclear chromosome
GO:0006338	chromatin remodeling
GO:0042073	intraciliary transport
GO:0000796	condensin complex
GO:0007076	mitotic chromosome condensation
GO:0005885	Arp2/3 protein complex
GO:0030041	actin filament polymerization
GO:0030833	regulation of actin filament polymerization
GO:0034314	Arp2/3 complex-mediated actin nucleation
GO:0004749	ribose phosphate diphosphokinase activity
GO:0009165	nucleotide biosynthetic process
GO:0010826	negative regulation of centrosome duplication
GO:0036038	MKS complex
GO:0060271	cilium assembly
GO:0043486	NA
GO:0018193	peptidyl-amino acid modification
GO:0004422	hypoxanthine phosphoribosyltransferase activity
GO:0003916	DNA topoisomerase activity
GO:0003917	DNA topoisomerase type I (single strand cut, ATP-independent) activity
GO:0004047	aminomethyltransferase activity
GO:0006546	glycine catabolic process
GO:0009013	succinate-semialdehyde dehydrogenase [NAD(P)+] activity
GO:0009450	gamma-aminobutyric acid catabolic process
GO:0000221	vacuolar proton-transporting V-type ATPase, V1 domain
GO:0008171	O-methyltransferase activity
GO:0003747	translation release factor activity
GO:0006415	translational termination
GO:0006974	DNA damage response
GO:0048478	NA
GO:0008565	NA
GO:0017121	plasma membrane phospholipid scrambling
GO:0017128	phospholipid scramblase activity
GO:0004345	glucose-6-phosphate dehydrogenase activity
GO:0006006	glucose metabolic process
GO:0005861	troponin complex
GO:0035145	exon-exon junction complex
GO:0023041	neuronal signal transduction
GO:0030867	rough endoplasmic reticulum membrane
GO:0004478	methionine adenosyltransferase activity
GO:0006556	S-adenosylmethionine biosynthetic process
GO:0005815	microtubule organizing center
GO:0004757	sepiapterin reductase activity
GO:0006729	tetrahydrobiopterin biosynthetic process
GO:0016706	2-oxoglutarate-dependent dioxygenase activity
GO:0017110	nucleoside diphosphate phosphatase activity
GO:0008093	cytoskeletal anchor activity
GO:0070840	dynein complex binding
GO:0009411	response to UV
GO:0008320	protein transmembrane transporter activity
GO:0008537	proteasome activator complex
GO:0018279	protein N-linked glycosylation via asparagine
GO:0004743	pyruvate kinase activity
GO:0030955	potassium ion binding
GO:0006206	pyrimidine nucleobase metabolic process
GO:0006213	pyrimidine nucleoside metabolic process
GO:0016154	pyrimidine-nucleoside phosphorylase activity
GO:0004347	glucose-6-phosphate isomerase activity
GO:0003857	3-hydroxyacyl-CoA dehydrogenase activity
GO:0006285	base-excision repair, AP site formation
GO:0004122	cystathionine beta-synthase activity
GO:0006535	cysteine biosynthetic process from serine
GO:0019343	cysteine biosynthetic process via cystathionine
GO:0004850	uridine phosphorylase activity
GO:0090114	COPII-coated vesicle budding
GO:0051028	mRNA transport
GO:0004579	dolichyl-diphosphooligosaccharide-protein glycotransferase activity
GO:0005523	tropomyosin binding
GO:0051694	pointed-end actin filament capping
GO:0043248	proteasome assembly
GO:0031144	proteasome localization
GO:0071630	nuclear protein quality control by the ubiquitin-proteasome system
GO:0070567	cytidylyltransferase activity
GO:0015036	disulfide oxidoreductase activity
GO:0034061	DNA polymerase activity
GO:0016153	urocanate hydratase activity
GO:0042132	fructose 1,6-bisphosphate 1-phosphatase activity
GO:0000724	double-strand break repair via homologous recombination
GO:0046907	intracellular transport
GO:0019428	allantoin biosynthetic process
GO:0005112	Notch binding
GO:0018996	molting cycle, collagen and cuticulin-based cuticle
GO:0006044	N-acetylglucosamine metabolic process
GO:0008448	N-acetylglucosamine-6-phosphate deacetylase activity
GO:0004012	NA
GO:0045048	protein insertion into ER membrane
GO:0016428	tRNA (cytosine-5-)-methyltransferase activity
GO:0003690	double-stranded DNA binding
GO:0000012	single strand break repair
GO:0000977	RNA polymerase II transcription regulatory region sequence-specific DNA binding
GO:0032422	purine-rich negative regulatory element binding
GO:0051920	peroxiredoxin activity
GO:0045329	carnitine biosynthetic process
GO:0050353	trimethyllysine dioxygenase activity
GO:0007218	neuropeptide signaling pathway
GO:0004832	valine-tRNA ligase activity
GO:0006438	valyl-tRNA aminoacylation
GO:0004163	diphosphomevalonate decarboxylase activity
GO:0019287	isopentenyl diphosphate biosynthetic process, mevalonate pathway
GO:0004560	alpha-L-fucosidase activity
GO:0006004	fucose metabolic process
GO:0004420	hydroxymethylglutaryl-CoA reductase (NADPH) activity
GO:0015936	coenzyme A metabolic process
GO:0004482	mRNA (guanine-N7-)-methyltransferase activity
GO:0008479	tRNA-guanosine(34) queuine transglycosylase activity
GO:0101030	tRNA-guanine transglycosylation
GO:0051018	protein kinase A binding
GO:0060828	regulation of canonical Wnt signaling pathway
GO:0030906	retromer, cargo-selective complex
GO:0042147	retrograde transport, endosome to Golgi
GO:0030729	acetoacetate-CoA ligase activity
GO:0043189	H4/H2A histone acetyltransferase complex
GO:0015377	chloride:monoatomic cation symporter activity
GO:0004809	tRNA (guanine-N2-)-methyltransferase activity
GO:0000334	3-hydroxyanthranilate 3,4-dioxygenase activity
GO:0003688	DNA replication origin binding
GO:0016570	histone modification
GO:0016593	Cdc73/Paf1 complex
GO:0000445	THO complex part of transcription export complex
GO:1901031	regulation of response to reactive oxygen species
GO:0003839	gamma-glutamylcyclotransferase activity
GO:0006751	glutathione catabolic process
GO:0004736	pyruvate carboxylase activity
GO:0006090	pyruvate metabolic process
GO:0009374	biotin binding
GO:0004535	poly(A)-specific ribonuclease activity
GO:0006879	intracellular iron ion homeostasis
GO:0008199	ferric iron binding
GO:0032366	intracellular sterol transport
GO:0000276	mitochondrial proton-transporting ATP synthase complex, coupling factor F(o)
GO:0005960	glycine cleavage complex
GO:0019464	glycine decarboxylation via glycine cleavage system
GO:0080009	mRNA methylation
GO:1990380	K48-linked deubiquitinase activity
GO:0070072	vacuolar proton-transporting V-type ATPase complex assembly
GO:0004594	pantothenate kinase activity
GO:0010387	COP9 signalosome assembly
GO:0006309	apoptotic DNA fragmentation
GO:0031110	regulation of microtubule polymerization or depolymerization
GO:0016817	hydrolase activity, acting on acid anhydrides
GO:0006680	glucosylceramide catabolic process
GO:0004333	fumarate hydratase activity
GO:0006106	fumarate metabolic process
GO:0045239	tricarboxylic acid cycle enzyme complex
GO:0034464	BBSome
GO:0004550	nucleoside diphosphate kinase activity
GO:0006165	NA
GO:0006183	GTP biosynthetic process
GO:0006228	UTP biosynthetic process
GO:0006241	CTP biosynthetic process
GO:0008108	UDP-glucose:hexose-1-phosphate uridylyltransferase activity
GO:0033499	galactose catabolic process via UDP-galactose
GO:0006955	immune response
GO:0030247	polysaccharide binding
GO:0005245	voltage-gated calcium channel activity
GO:0005891	voltage-gated calcium channel complex
GO:0070588	calcium ion transmembrane transport
GO:0008430	selenium binding
GO:0042128	nitrate assimilation
GO:0042393	histone binding
GO:0031083	BLOC-1 complex
GO:0030126	COPI vesicle coat
GO:0004857	enzyme inhibitor activity
GO:0006084	acetyl-CoA metabolic process
GO:0019211	phosphatase activator activity
GO:19904	NA
GO:0008053	mitochondrial fusion
GO:0003980	UDP-glucose:glycoprotein glucosyltransferase activity
GO:0003968	RNA-dependent RNA polymerase activity
GO:0019012	NA
GO:0004383	guanylate cyclase activity
GO:0006182	cGMP biosynthetic process
GO:0016798	hydrolase activity, acting on glycosyl bonds
GO:0009019	tRNA (guanine-N1-)-methyltransferase activity
GO:0004833	tryptophan 2,3-dioxygenase activity
GO:0016776	phosphotransferase activity, phosphate group as acceptor
GO:0004631	phosphomevalonate kinase activity
GO:0006695	cholesterol biosynthetic process
GO:0004852	uroporphyrinogen-III synthase activity
GO:0004615	phosphomannomutase activity
GO:0003978	UDP-glucose 4-epimerase activity
GO:0004642	phosphoribosylformylglycinamidine synthase activity
GO:0003844	1,4-alpha-glucan branching enzyme activity
GO:0015321	NA
GO:0044341	sodium-dependent phosphate transport
GO:0004655	porphobilinogen synthase activity
GO:0005764	lysosome
GO:0031464	Cul4A-RING E3 ubiquitin ligase complex
GO:0007283	spermatogenesis
GO:0000462	maturation of SSU-rRNA from tricistronic rRNA transcript (SSU-rRNA, 5.8S rRNA, LSU-rRNA)
GO:0030686	90S preribosome
GO:0005762	mitochondrial large ribosomal subunit
GO:0032543	mitochondrial translation
GO:0006621	protein retention in ER lumen
GO:0046923	ER retention sequence binding
GO:0006172	ADP biosynthetic process
GO:0004427	inorganic diphosphate phosphatase activity
GO:0006796	phosphate-containing compound metabolic process
GO:0050220	prostaglandin-E synthase activity
GO:0004134	4-alpha-glucanotransferase activity
GO:0004135	amylo-alpha-1,6-glucosidase activity
GO:0005788	endoplasmic reticulum lumen
GO:0009306	protein secretion
GO:0006996	organelle organization
GO:0004325	ferrochelatase activity
GO:0006783	heme biosynthetic process
GO:0004462	lactoylglutathione lyase activity
GO:0004830	tryptophan-tRNA ligase activity
GO:0006436	tryptophanyl-tRNA aminoacylation
GO:0019700	organic phosphonate catabolic process
GO:0047304	2-aminoethylphosphonate-pyruvate transaminase activity
GO:0043065	positive regulation of apoptotic process
GO:0005785	signal recognition particle receptor complex
GO:0030148	sphingolipid biosynthetic process
GO:0042284	sphingolipid delta-4 desaturase activity
GO:0007005	mitochondrion organization
GO:0031305	NA
GO:0004449	isocitrate dehydrogenase (NAD+) activity
GO:0004329	formate-tetrahydrofolate ligase activity
GO:0004715	non-membrane spanning protein tyrosine kinase activity
GO:0043231	intracellular membrane-bounded organelle
GO:0004618	phosphoglycerate kinase activity
GO:0031966	mitochondrial membrane
GO:0004630	phospholipase D activity
GO:0006654	phosphatidic acid biosynthetic process
GO:0048017	NA
GO:0003860	3-hydroxyisobutyryl-CoA hydrolase activity
GO:0004652	NA
GO:0031123	RNA 3'-end processing
GO:0043631	NA
GO:0005315	inorganic phosphate transmembrane transporter activity
GO:0006817	phosphate ion transport
GO:0016500	protein-hormone receptor activity
GO:0000350	generation of catalytic spliceosome for second transesterification step
GO:0008113	peptide-methionine (S)-S-oxide reductase activity
GO:0000506	glycosylphosphatidylinositol-N-acetylglucosaminyltransferase (GPI-GnT) complex
GO:0004066	asparagine synthase (glutamine-hydrolyzing) activity
GO:0006529	asparagine biosynthetic process
GO:0009156	ribonucleoside monophosphate biosynthetic process
GO:0008076	voltage-gated potassium channel complex
GO:0000469	NA
GO:0009107	lipoate biosynthetic process
GO:0016992	lipoate synthase activity
GO:0000785	chromatin
GO:0030014	CCR4-NOT complex
GO:0003952	NAD+ synthase (glutamine-hydrolyzing) activity
GO:0005801	cis-Golgi network
GO:0006784	heme A biosynthetic process
GO:0070461	SAGA-type complex
GO:0004856	xylulokinase activity
GO:0042732	D-xylose metabolic process
GO:0008250	oligosaccharyltransferase complex
GO:0005542	folic acid binding
GO:0008272	sulfate transport
GO:0015116	sulfate transmembrane transporter activity
GO:0015095	magnesium ion transmembrane transporter activity
GO:0015693	magnesium ion transport
GO:0004620	phospholipase activity
GO:0009395	phospholipid catabolic process
GO:0004823	leucine-tRNA ligase activity
GO:0006429	leucyl-tRNA aminoacylation
GO:0008021	synaptic vesicle
GO:0019510	S-adenosylhomocysteine catabolic process
GO:0008796	bis(5'-nucleosyl)-tetraphosphatase activity
GO:0004342	glucosamine-6-phosphate deaminase activity
GO:0004397	histidine ammonia-lyase activity
GO:0006548	histidine catabolic process
GO:0016841	ammonia-lyase activity
GO:0005242	inward rectifier potassium channel activity
GO:0004654	polyribonucleotide nucleotidyltransferase activity
GO:0006402	mRNA catabolic process
GO:0003883	CTP synthase activity
GO:0004346	glucose-6-phosphatase activity
GO:0030141	secretory granule
GO:0006537	glutamate biosynthetic process
GO:0015930	glutamate synthase activity
GO:0016638	oxidoreductase activity, acting on the CH-NH2 group of donors
GO:0016639	oxidoreductase activity, acting on the CH-NH2 group of donors, NAD or NADP as acceptor
GO:0008488	gamma-glutamyl carboxylase activity
GO:0017187	peptidyl-glutamic acid carboxylation
GO:0030674	protein-macromolecule adaptor activity
GO:0006275	regulation of DNA replication
GO:0030337	DNA polymerase processivity factor activity
GO:0009452	7-methylguanosine RNA capping
GO:0097020	COPII receptor activity
GO:0004797	thymidine kinase activity
GO:0003999	adenine phosphoribosyltransferase activity
GO:0006168	adenine salvage
GO:0034597	phosphatidylinositol-4,5-bisphosphate 4-phosphatase activity
GO:0006401	RNA catabolic process
GO:0032299	ribonuclease H2 complex
GO:0016925	protein sumoylation
GO:0019948	SUMO activating enzyme activity
GO:0006108	malate metabolic process
GO:0016615	malate dehydrogenase activity
GO:0030060	L-malate dehydrogenase activity
GO:0033588	elongator holoenzyme complex
GO:0009159	deoxyribonucleoside monophosphate catabolic process
GO:0070694	deoxyribonucleoside 5'-monophosphate N-glycosidase activity
GO:0005869	dynactin complex
GO:0007268	chemical synaptic transmission
GO:0033130	acetylcholine receptor binding
GO:0043495	protein-membrane adaptor activity
GO:0003854	3-beta-hydroxy-delta5-steroid dehydrogenase activity
GO:0006694	steroid biosynthetic process
GO:0004418	hydroxymethylbilane synthase activity
GO:0018160	peptidyl-pyrromethane cofactor linkage
GO:0004729	oxygen-dependent protoporphyrinogen oxidase activity
GO:0008121	ubiquinol-cytochrome-c reductase activity
GO:0004591	oxoglutarate dehydrogenase (succinyl-transferring) activity
GO:0030976	thiamine pyrophosphate binding
GO:0016180	snRNA processing
GO:0032039	integrator complex
GO:0018293	protein-FAD linkage
GO:0008253	5'-nucleotidase activity
GO:0005452	solute:inorganic anion antiporter activity
GO:0006820	monoatomic anion transport
GO:0008509	monoatomic anion transmembrane transporter activity
GO:0031369	translation initiation factor binding
GO:0004617	phosphoglycerate dehydrogenase activity
GO:0019509	L-methionine salvage from methylthioadenosine
GO:0042026	protein refolding
GO:0006730	one-carbon metabolic process
GO:0009258	10-formyltetrahydrofolate catabolic process
GO:0016155	formyltetrahydrofolate dehydrogenase activity
GO:0015016	[heparan sulfate]-glucosamine N-sulfotransferase activity
GO:0004368	glycerol-3-phosphate dehydrogenase (quinone) activity
GO:0006072	glycerol-3-phosphate metabolic process
GO:0009331	glycerol-3-phosphate dehydrogenase complex
GO:0051726	regulation of cell cycle
GO:0006480	N-terminal protein amino acid methylation
GO:0043874	acireductone synthase activity
GO:0003979	UDP-glucose 6-dehydrogenase activity
GO:0000015	phosphopyruvate hydratase complex
GO:0004634	phosphopyruvate hydratase activity
GO:0015267	channel activity
GO:0005849	mRNA cleavage factor complex
GO:0006378	mRNA polyadenylation
GO:0019799	tubulin N-acetyltransferase activity
GO:0071929	alpha-tubulin acetylation
GO:0052745	inositol phosphate phosphatase activity
GO:0004616	phosphogluconate dehydrogenase (decarboxylating) activity
GO:0004377	GDP-Man:Man3GlcNAc2-PP-Dol alpha-1,2-mannosyltransferase activity
GO:0033961	cis-stilbene-oxide hydrolase activity
GO:0031307	NA
GO:0004378	GDP-Man:Man1GlcNAc2-PP-Dol alpha-1,3-mannosyltransferase activity
GO:0022900	electron transport chain
GO:0004686	elongation factor-2 kinase activity
GO:0046600	negative regulation of centriole replication
GO:0001055	RNA polymerase II activity
GO:1902751	positive regulation of cell cycle G2/M phase transition
GO:0045017	glycerolipid biosynthetic process
GO:0016429	tRNA (adenine-N1-)-methyltransferase activity
GO:0004491	methylmalonate-semialdehyde dehydrogenase (acylating, NAD) activity
GO:0071157	NA
GO:0000226	microtubule cytoskeleton organization
GO:0015630	microtubule cytoskeleton
GO:0048278	vesicle docking
GO:0015098	molybdate ion transmembrane transporter activity
GO:0015689	molybdate ion transport
GO:0045296	cadherin binding
GO:0015379	potassium:chloride symporter activity
GO:0051262	protein tetramerization
GO:0006471	NA
GO:0004735	pyrroline-5-carboxylate reductase activity
GO:0006561	proline biosynthetic process
GO:0017134	fibroblast growth factor binding
GO:0004474	malate synthase activity
GO:0006097	glyoxylate cycle
GO:0000808	origin recognition complex
GO:0003724	RNA helicase activity
GO:0008374	O-acyltransferase activity
GO:0044255	cellular lipid metabolic process
GO:0008410	CoA-transferase activity
GO:0004016	adenylate cyclase activity
GO:0006171	cAMP biosynthetic process
GO:0003872	6-phosphofructokinase activity
GO:0006002	fructose 6-phosphate metabolic process
GO:0010309	acireductone dioxygenase [iron(II)-requiring] activity
GO:0008757	S-adenosylmethionine-dependent methyltransferase activity
GO:0005093	Rab GDP-dissociation inhibitor activity
GO:0050194	phosphonoacetaldehyde hydrolase activity
GO:0004733	pyridoxamine phosphate oxidase activity
GO:0008615	pyridoxine biosynthetic process
GO:0001682	tRNA 5'-leader removal
GO:0004526	ribonuclease P activity
GO:0030677	ribonuclease P complex
GO:0005845	mRNA cap binding complex
GO:0106005	RNA 5'-cap (guanine-N7)-methylation
GO:1990423	RZZ complex
GO:0007093	mitotic cell cycle checkpoint signaling
GO:0008119	thiopurine S-methyltransferase activity
GO:1990316	Atg1/ULK1 kinase complex
GO:0042255	ribosome assembly
GO:0004180	carboxypeptidase activity
GO:0004359	glutaminase activity
GO:0005732	sno(s)RNA-containing ribonucleoprotein complex
GO:0034457	Mpp10 complex
GO:0019903	protein phosphatase binding
GO:0004126	cytidine deaminase activity
GO:0009972	cytidine deamination
GO:0071586	CAAX-box protein processing
GO:0004656	procollagen-proline 4-dioxygenase activity
GO:0004322	ferroxidase activity
GO:0045893	positive regulation of DNA-templated transcription
GO:0034477	U6 snRNA 3'-end processing
GO:0004419	hydroxymethylglutaryl-CoA lyase activity
GO:0008134	transcription factor binding
GO:0000027	ribosomal large subunit assembly
GO:0017070	U6 snRNA binding
GO:0030623	U5 snRNA binding
GO:0003884	D-amino-acid oxidase activity
GO:0046416	D-amino acid metabolic process
GO:0004781	sulfate adenylyltransferase (ATP) activity
GO:0035598	N6-threonylcarbomyladenosine methylthiotransferase activity
GO:0035600	tRNA methylthiolation
GO:0016866	intramolecular transferase activity
GO:0048280	vesicle fusion with Golgi apparatus
GO:0004747	ribokinase activity
GO:0006014	D-ribose metabolic process
GO:0019867	outer membrane
GO:0016471	vacuolar proton-transporting V-type ATPase complex
GO:0032367	intracellular cholesterol transport
GO:0004748	ribonucleoside-diphosphate reductase activity, thioredoxin disulfide as acceptor
GO:0005965	protein farnesyltransferase complex
GO:0018343	protein farnesylation
GO:0004415	hyalurononglucosaminidase activity
GO:1990426	mitotic recombination-dependent replication fork processing
GO:1905515	non-motile cilium assembly
GO:0035307	positive regulation of protein dephosphorylation
GO:0071595	Nem1-Spo7 phosphatase complex
GO:0004659	prenyltransferase activity
GO:0009249	protein lipoylation
GO:0033819	lipoyl(octanoyl) transferase activity
GO:0097361	CIA complex
GO:0004371	glycerone kinase activity
GO:0006071	glycerol metabolic process
GO:0016844	strictosidine synthase activity
GO:0000814	ESCRT II complex
GO:0071985	multivesicular body sorting pathway
GO:0003972	RNA ligase (ATP) activity
GO:0008452	RNA ligase activity
GO:0072669	tRNA-splicing ligase complex
GO:0036297	interstrand cross-link repair
GO:0043240	Fanconi anaemia nuclear complex
GO:0004109	coproporphyrinogen oxidase activity
GO:0004671	protein C-terminal S-isoprenylcysteine carboxyl O-methyltransferase activity
GO:0006481	C-terminal protein methylation
